{"cameraMode":{"drawMode":0,"name":"Shaded","section":"Shading Mode"},"sceneLighting":false,"audioPlay":false,"sceneViewState":{"m_AlwaysRefresh":false,"showFog":true,"showSkybox":false,"showFlares":true,"showImageEffects":true,"showParticleSystems":true,"showVisualEffectGraphs":true,"m_FxEnabled":true},"in2DMode":false,"pivot":{"x":-0.9922363758087158,"y":-0.4057374596595764,"z":1.3081034421920777},"rotation":{"x":0.18863573670387269,"y":0.16425494849681855,"z":-0.03131425008177757,"w":0.9681843519210815},"size":2.70739483833313,"orthographic":false}